epoch,time,train/box_loss,train/cls_loss,train/dfl_loss,metrics/precision(B),metrics/recall(B),metrics/mAP50(B),metrics/mAP50-95(B),val/box_loss,val/cls_loss,val/dfl_loss,lr/pg0,lr/pg1,lr/pg2,lr/pg3,lr/pg4,lr/pg5,lr/pg6,lr/pg7
1,8184.68,1.17997,1.36044,1.24138,0.63896,0.5991,0.67022,0.50482,1.07852,1.03942,1.11161,2.499e-05,8.33e-06,2.499e-05,8.33e-06,2.499e-05,8.33e-06,2.499e-05,8.33e-06
2,12725.7,1.15918,1.27457,1.23703,0.68558,0.56763,0.6701,0.50296,1.07673,1.02907,1.11119,5.24897e-05,1.74966e-05,5.24897e-05,1.74966e-05,5.24897e-05,1.74966e-05,5.24897e-05,1.74966e-05
3,17244.1,1.15731,1.30527,1.25042,0.65411,0.5948,0.67119,0.50234,1.07582,1.02428,1.11052,7.88584e-05,2.62861e-05,7.88584e-05,2.62861e-05,7.88584e-05,2.62861e-05,7.88584e-05,2.62861e-05
4,26489,1.18453,1.37941,1.23443,0.66722,0.59852,0.67237,0.50318,1.0766,1.02217,1.1112,0.000104096,3.46987e-05,0.000104096,3.46987e-05,0.000104096,3.46987e-05,0.000104096,3.46987e-05
5,32984.6,1.20295,1.32444,1.24472,0.66712,0.59785,0.67504,0.50668,1.07429,1.01415,1.10898,0.000128203,4.27343e-05,0.000128203,4.27343e-05,0.000128203,4.27343e-05,0.000128203,4.27343e-05
6,33074.3,1.23775,1.28527,1.28275,0.68204,0.59475,0.6796,0.50953,1.06948,1.00692,1.10702,0.000151179,5.03929e-05,0.000151179,5.03929e-05,0.000151179,5.03929e-05,0.000151179,5.03929e-05
7,33194.3,1.22246,1.23331,1.25756,0.68992,0.59483,0.68009,0.50992,1.06647,1.00294,1.10613,0.000173024,5.76745e-05,0.000173024,5.76745e-05,0.000173024,5.76745e-05,0.000173024,5.76745e-05
